URL,Price,Area,Bedrooms,Bathrooms,Features
https://sa.aqar.fm/%D8%B4%D9%82%D9%82-%D9%84%D9%84%D8%A5%D9%8A%D8%AC%D8%A7%D8%B1/%D8%A7%D9%84%D8%B1%D9%8A%D8%A7%D8%B6/%D8%B4%D9%85%D8%A7%D9%84-%D8%A7%D9%84%D8%B1%D9%8A%D8%A7%D8%B6/%D8%AD%D9%8A-%D8%A7%D9%84%D9%86%D8%B1%D8%AC%D8%B3/%D8%B4%D8%A7%D8%B1%D8%B9-%D8%A7%D9%84%D9%81%D8%B6%D8%A7%D8%A6%D9%84-%D8%AD%D9%8A-%D8%A7%D9%84%D9%86%D8%B1%D8%AC%D8%B3-%D9%85%D8%AF%D9%8A%D9%86%D8%A9-%D8%A7%D9%84%D8%B1%D9%8A%D8%A7%D8%B6-%D9%85%D9%86%D8%B7%D9%82%D8%A9-%D8%A7%D9%84%D8%B1%D9%8A%D8%A7%D8%B6-6236310,"80,000",117,2,,عمر العقار; غرف النوم; المساحة; نظام التكييف
https://sa.aqar.fm/%D8%B4%D9%82%D9%82-%D9%84%D9%84%D8%A5%D9%8A%D8%AC%D8%A7%D8%B1/%D8%A7%D9%84%D8%B1%D9%8A%D8%A7%D8%B6/%D8%B4%D9%85%D8%A7%D9%84-%D8%A7%D9%84%D8%B1%D9%8A%D8%A7%D8%B6/%D8%AD%D9%8A-%D8%A7%D9%84%D9%86%D8%B1%D8%AC%D8%B3/%D8%B4%D8%A7%D8%B1%D8%B9-%D8%B9%D9%84%D9%82%D9%85%D8%A9-%D8%A8%D9%86-%D9%88%D8%A7%D8%A6%D9%84-%D8%AD%D9%8A-%D8%A7%D9%84%D9%86%D8%B1%D8%AC%D8%B3-%D9%85%D8%AF%D9%8A%D9%86%D8%A9-%D8%A7%D9%84%D8%B1%D9%8A%D8%A7%D8%B6-%D9%85%D9%86%D8%B7%D9%82%D8%A9-%D8%A7%D9%84%D8%B1%D9%8A%D8%A7%D8%B6-6290751,"44,000",90,2,,عمر العقار; غرف النوم; المساحة
https://sa.aqar.fm/%D8%B4%D9%82%D9%82-%D9%84%D9%84%D8%A5%D9%8A%D8%AC%D8%A7%D8%B1/%D8%A7%D9%84%D8%B1%D9%8A%D8%A7%D8%B6/%D8%B4%D9%85%D8%A7%D9%84-%D8%A7%D9%84%D8%B1%D9%8A%D8%A7%D8%B6/%D8%AD%D9%8A-%D8%A7%D9%84%D9%86%D8%B1%D8%AC%D8%B3/%D8%B4%D8%A7%D8%B1%D8%B9-%D8%A7%D9%84%D9%81%D8%B6%D8%A7%D8%A6%D9%84-%D8%AD%D9%8A-%D8%A7%D9%84%D9%86%D8%B1%D8%AC%D8%B3-%D9%85%D8%AF%D9%8A%D9%86%D8%A9-%D8%A7%D9%84%D8%B1%D9%8A%D8%A7%D8%B6-%D9%85%D9%86%D8%B7%D9%82%D8%A9-%D8%A7%D9%84%D8%B1%D9%8A%D8%A7%D8%B6-6294795,"80,000",120,2,3,عمر العقار; دورات المياه; الصالات; غرف النوم; الفئة; المساحة
https://sa.aqar.fm/%D8%B4%D9%82%D9%82-%D9%84%D9%84%D8%A5%D9%8A%D8%AC%D8%A7%D8%B1/%D8%A7%D9%84%D8%B1%D9%8A%D8%A7%D8%B6/%D8%B4%D9%85%D8%A7%D9%84-%D8%A7%D9%84%D8%B1%D9%8A%D8%A7%D8%B6/%D8%AD%D9%8A-%D8%A7%D9%84%D9%86%D8%B1%D8%AC%D8%B3/%D8%B4%D8%A7%D8%B1%D8%B9-%D9%85%D8%AD%D9%85%D8%AF-%D8%A7%D9%84%D8%B9%D9%82%D8%A8%D9%8A-%D8%AD%D9%8A-%D8%A7%D9%84%D9%86%D8%B1%D8%AC%D8%B3-%D9%85%D8%AF%D9%8A%D9%86%D8%A9-%D8%A7%D9%84%D8%B1%D9%8A%D8%A7%D8%B6-%D9%85%D9%86%D8%B7%D9%82%D8%A9-%D8%A7%D9%84%D8%B1%D9%8A%D8%A7%D8%B6-6293593,"36,000",100,2,,عمر العقار; غرف النوم; المساحة; الغرض
https://sa.aqar.fm/%D8%B4%D9%82%D9%82-%D9%84%D9%84%D8%A5%D9%8A%D8%AC%D8%A7%D8%B1/%D8%A7%D9%84%D8%B1%D9%8A%D8%A7%D8%B6/%D8%B4%D9%85%D8%A7%D9%84-%D8%A7%D9%84%D8%B1%D9%8A%D8%A7%D8%B6/%D8%AD%D9%8A-%D8%A7%D9%84%D9%86%D8%B1%D8%AC%D8%B3/%D8%B4%D8%A7%D8%B1%D8%B9-%D8%B3%D9%84%D9%8A%D9%85%D8%A7%D9%86-%D8%A8%D9%86-%D8%B9%D8%A8%D8%AF%D8%A7%D9%84%D9%84%D9%87-%D8%A7%D9%84%D8%AC%D8%A8%D8%B1%D9%8A%D9%86-%D8%AD%D9%8A-%D8%A7%D9%84%D9%86%D8%B1%D8%AC%D8%B3-%D9%85%D8%AF%D9%8A%D9%86%D8%A9-%D8%A7%D9%84%D8%B1%D9%8A%D8%A7%D8%B6-%D9%85%D9%86%D8%B7%D9%82%D8%A9-%D8%A7%D9%84%D8%B1%D9%8A%D8%A7%D8%B6-6265235,"75,000",95,2,3,عمر العقار; دورات المياه; الصالات; غرف النوم; الفئة; المساحة
https://sa.aqar.fm/%D8%B4%D9%82%D9%82-%D9%84%D9%84%D8%A5%D9%8A%D8%AC%D8%A7%D8%B1/%D8%A7%D9%84%D8%B1%D9%8A%D8%A7%D8%B6/%D8%B4%D9%85%D8%A7%D9%84-%D8%A7%D9%84%D8%B1%D9%8A%D8%A7%D8%B6/%D8%AD%D9%8A-%D8%A7%D9%84%D9%86%D8%B1%D8%AC%D8%B3/%D8%B4%D8%A7%D8%B1%D8%B9-%D9%85%D8%AD%D9%85%D8%AF-%D8%A8%D9%86-%D8%A3%D8%A8%D9%8A-%D8%A7%D9%84%D8%B9%D8%A8%D8%A7%D8%B3-%D8%AD%D9%8A-%D8%A7%D9%84%D9%86%D8%B1%D8%AC%D8%B3-%D9%85%D8%AF%D9%8A%D9%86%D8%A9-%D8%A7%D9%84%D8%B1%D9%8A%D8%A7%D8%B6-%D9%85%D9%86%D8%B7%D9%82%D8%A9-%D8%A7%D9%84%D8%B1%D9%8A%D8%A7%D8%B6-6291314,"50,000",450,2,1,عمر العقار; الدور; دورات المياه; الصالات; غرف النوم; الفئة; المساحة; الغرض; نظام التكييف
https://sa.aqar.fm/%D8%B4%D9%82%D9%82-%D9%84%D9%84%D8%A5%D9%8A%D8%AC%D8%A7%D8%B1/%D8%A7%D9%84%D8%B1%D9%8A%D8%A7%D8%B6/%D8%B4%D9%85%D8%A7%D9%84-%D8%A7%D9%84%D8%B1%D9%8A%D8%A7%D8%B6/%D8%AD%D9%8A-%D8%A7%D9%84%D9%86%D8%B1%D8%AC%D8%B3/%D8%B4%D8%A7%D8%B1%D8%B9-%D8%A7%D9%84%D9%88%D9%84%D9%8A%D8%AF-%D8%A7%D9%84%D8%B9%D8%A8%D8%AF%D8%B1%D9%8A-%D8%AD%D9%8A-%D8%A7%D9%84%D9%86%D8%B1%D8%AC%D8%B3-%D9%85%D8%AF%D9%8A%D9%86%D8%A9-%D8%A7%D9%84%D8%B1%D9%8A%D8%A7%D8%B6-%D9%85%D9%86%D8%B7%D9%82%D8%A9-%D8%A7%D9%84%D8%B1%D9%8A%D8%A7%D8%B6-6293576,"4,000",262,2,2,عمر العقار; دورات المياه; الصالات; غرف النوم; الفئة; المساحة; الغرض
https://sa.aqar.fm/%D8%B4%D9%82%D9%82-%D9%84%D9%84%D8%A5%D9%8A%D8%AC%D8%A7%D8%B1/%D8%A7%D9%84%D8%B1%D9%8A%D8%A7%D8%B6/%D8%B4%D9%85%D8%A7%D9%84-%D8%A7%D9%84%D8%B1%D9%8A%D8%A7%D8%B6/%D8%AD%D9%8A-%D8%A7%D9%84%D9%86%D8%B1%D8%AC%D8%B3/%D8%B4%D8%A7%D8%B1%D8%B9-%D8%A7%D8%A8%D9%8A-%D8%B7%D8%A7%D9%87%D8%B1-%D8%A7%D8%B3%D9%85%D8%A7%D8%B9%D9%8A%D9%84-%D8%A7%D9%84%D8%AC%D9%8A%D8%B7%D8%A7%D9%84%D9%8A-%D8%AD%D9%8A-%D8%A7%D9%84%D9%86%D8%B1%D8%AC%D8%B3-%D9%85%D8%AF%D9%8A%D9%86%D8%A9-%D8%A7%D9%84%D8%B1%D9%8A%D8%A7%D8%B6-%D9%85%D9%86%D8%B7%D9%82%D8%A9-%D8%A7%D9%84%D8%B1%D9%8A%D8%A7%D8%B6-6291419,"6,200",87,2,2,عمر العقار; الدور; دورات المياه; الصالات; غرف النوم; الفئة; المساحة; الغرض
https://sa.aqar.fm/%D8%B4%D9%82%D9%82-%D9%84%D9%84%D8%A5%D9%8A%D8%AC%D8%A7%D8%B1/%D8%A7%D9%84%D8%B1%D9%8A%D8%A7%D8%B6/%D8%B4%D9%85%D8%A7%D9%84-%D8%A7%D9%84%D8%B1%D9%8A%D8%A7%D8%B6/%D8%AD%D9%8A-%D8%A7%D9%84%D9%86%D8%B1%D8%AC%D8%B3/%D8%B4%D8%A7%D8%B1%D8%B9-%D8%A7%D9%84%D9%82%D9%86%D8%A7-%D8%AD%D9%8A-%D8%A7%D9%84%D9%86%D8%B1%D8%AC%D8%B3-%D9%85%D8%AF%D9%8A%D9%86%D8%A9-%D8%A7%D9%84%D8%B1%D9%8A%D8%A7%D8%B6-%D9%85%D9%86%D8%B7%D9%82%D8%A9-%D8%A7%D9%84%D8%B1%D9%8A%D8%A7%D8%B6-6246404,"110,000",143,2,3,عمر العقار; الدور; دورات المياه; الصالات; غرف النوم; الفئة; المساحة; الغرض
https://sa.aqar.fm/%D8%B4%D9%82%D9%82-%D9%84%D9%84%D8%A5%D9%8A%D8%AC%D8%A7%D8%B1/%D8%A7%D9%84%D8%B1%D9%8A%D8%A7%D8%B6/%D8%B4%D9%85%D8%A7%D9%84-%D8%A7%D9%84%D8%B1%D9%8A%D8%A7%D8%B6/%D8%AD%D9%8A-%D8%A7%D9%84%D9%86%D8%B1%D8%AC%D8%B3/%D8%B4%D8%A7%D8%B1%D8%B9-%D9%8A%D8%AD%D9%8A%D9%89-%D8%A7%D9%84%D8%B1%D9%86%D8%AF%D9%8A-%D8%AD%D9%8A-%D8%A7%D9%84%D9%86%D8%B1%D8%AC%D8%B3-%D9%85%D8%AF%D9%8A%D9%86%D8%A9-%D8%A7%D9%84%D8%B1%D9%8A%D8%A7%D8%B6-%D9%85%D9%86%D8%B7%D9%82%D8%A9-%D8%A7%D9%84%D8%B1%D9%8A%D8%A7%D8%B6-6243852,"77,000",99,2,3,عمر العقار; الدور; دورات المياه; الصالات; غرف النوم; المساحة; الغرض
https://sa.aqar.fm/%D8%B4%D9%82%D9%82-%D9%84%D9%84%D8%A5%D9%8A%D8%AC%D8%A7%D8%B1/%D8%A7%D9%84%D8%B1%D9%8A%D8%A7%D8%B6/%D8%B4%D9%85%D8%A7%D9%84-%D8%A7%D9%84%D8%B1%D9%8A%D8%A7%D8%B6/%D8%AD%D9%8A-%D8%A7%D9%84%D9%86%D8%B1%D8%AC%D8%B3/%D8%B4%D8%A7%D8%B1%D8%B9-%D8%B9%D9%84%D9%82%D9%85%D8%A9-%D8%A8%D9%86-%D9%88%D8%A7%D8%A6%D9%84-%D8%AD%D9%8A-%D8%A7%D9%84%D9%86%D8%B1%D8%AC%D8%B3-%D9%85%D8%AF%D9%8A%D9%86%D8%A9-%D8%A7%D9%84%D8%B1%D9%8A%D8%A7%D8%B6-%D9%85%D9%86%D8%B7%D9%82%D8%A9-%D8%A7%D9%84%D8%B1%D9%8A%D8%A7%D8%B6-6268614,"70,000",146,2,3,عمر العقار; دورات المياه; الصالات; غرف النوم; الفئة; المساحة
https://sa.aqar.fm/%D8%B4%D9%82%D9%82-%D9%84%D9%84%D8%A5%D9%8A%D8%AC%D8%A7%D8%B1/%D8%A7%D9%84%D8%B1%D9%8A%D8%A7%D8%B6/%D8%B4%D9%85%D8%A7%D9%84-%D8%A7%D9%84%D8%B1%D9%8A%D8%A7%D8%B6/%D8%AD%D9%8A-%D8%A7%D9%84%D9%86%D8%B1%D8%AC%D8%B3/%D8%B4%D8%A7%D8%B1%D8%B9-%D8%B1%D9%82%D9%85-534-%D8%AD%D9%8A-%D8%A7%D9%84%D9%86%D8%B1%D8%AC%D8%B3-%D9%85%D8%AF%D9%8A%D9%86%D8%A9-%D8%A7%D9%84%D8%B1%D9%8A%D8%A7%D8%B6-%D9%85%D9%86%D8%B7%D9%82%D8%A9-%D8%A7%D9%84%D8%B1%D9%8A%D8%A7%D8%B6-6212888,"38,000",450,2,1,عمر العقار; الدور; دورات المياه; الصالات; غرف النوم; الفئة; المساحة; الغرض
https://sa.aqar.fm/%D8%B4%D9%82%D9%82-%D9%84%D9%84%D8%A5%D9%8A%D8%AC%D8%A7%D8%B1/%D8%A7%D9%84%D8%B1%D9%8A%D8%A7%D8%B6/%D8%B4%D9%85%D8%A7%D9%84-%D8%A7%D9%84%D8%B1%D9%8A%D8%A7%D8%B6/%D8%AD%D9%8A-%D8%A7%D9%84%D9%86%D8%B1%D8%AC%D8%B3/%D8%B4%D8%A7%D8%B1%D8%B9-%D8%B3%D9%84%D9%8A%D9%85%D8%A7%D9%86-%D8%A8%D9%86-%D8%B9%D8%A8%D8%AF%D8%A7%D9%84%D9%84%D9%87-%D8%A7%D9%84%D8%AC%D8%A8%D8%B1%D9%8A%D9%86-%D8%AD%D9%8A-%D8%A7%D9%84%D9%86%D8%B1%D8%AC%D8%B3-%D9%85%D8%AF%D9%8A%D9%86%D8%A9-%D8%A7%D9%84%D8%B1%D9%8A%D8%A7%D8%B6-%D9%85%D9%86%D8%B7%D9%82%D8%A9-%D8%A7%D9%84%D8%B1%D9%8A%D8%A7%D8%B6-6247930,"55,000",105,2,3,عمر العقار; الدور; دورات المياه; الصالات; غرف النوم; الفئة; المساحة
https://sa.aqar.fm/%D8%B4%D9%82%D9%82-%D9%84%D9%84%D8%A5%D9%8A%D8%AC%D8%A7%D8%B1/%D8%A7%D9%84%D8%B1%D9%8A%D8%A7%D8%B6/%D8%B4%D9%85%D8%A7%D9%84-%D8%A7%D9%84%D8%B1%D9%8A%D8%A7%D8%B6/%D8%AD%D9%8A-%D8%A7%D9%84%D9%86%D8%B1%D8%AC%D8%B3/%D8%B4%D8%A7%D8%B1%D8%B9-%D8%B9%D8%A8%D8%AF%D8%A7%D9%84%D9%84%D9%87-%D8%A7%D9%84%D9%85%D8%AD%D8%AC%D9%88%D8%A8-%D8%AD%D9%8A-%D8%A7%D9%84%D9%86%D8%B1%D8%AC%D8%B3-%D9%85%D8%AF%D9%8A%D9%86%D8%A9-%D8%A7%D9%84%D8%B1%D9%8A%D8%A7%D8%B6-%D9%85%D9%86%D8%B7%D9%82%D8%A9-%D8%A7%D9%84%D8%B1%D9%8A%D8%A7%D8%B6-6134394,"66,000",450,2,,عمر العقار; غرف النوم; المساحة
https://sa.aqar.fm/%D8%B4%D9%82%D9%82-%D9%84%D9%84%D8%A5%D9%8A%D8%AC%D8%A7%D8%B1/%D8%A7%D9%84%D8%B1%D9%8A%D8%A7%D8%B6/%D8%B4%D9%85%D8%A7%D9%84-%D8%A7%D9%84%D8%B1%D9%8A%D8%A7%D8%B6/%D8%AD%D9%8A-%D8%A7%D9%84%D9%86%D8%B1%D8%AC%D8%B3/%D8%B4%D8%A7%D8%B1%D8%B9-%D8%B2%D9%8A%D8%AF-%D8%A8%D9%86-%D8%B9%D8%A7%D8%B5%D9%85-%D8%A8%D9%86-%D8%B9%D9%85%D8%B1%D9%88-%D8%A8%D9%86-%D8%B9%D9%88%D9%81-%D8%AD%D9%8A-%D8%A7%D9%84%D9%86%D8%B1%D8%AC%D8%B3-%D9%85%D8%AF%D9%8A%D9%86%D8%A9-%D8%A7%D9%84%D8%B1%D9%8A%D8%A7%D8%B6-%D9%85%D9%86%D8%B7%D9%82%D8%A9-%D8%A7%D9%84%D8%B1%D9%8A%D8%A7%D8%B6-6172976,"85,000",107,2,3,عمر العقار; دورات المياه; الصالات; غرف النوم; الفئة; المساحة
https://sa.aqar.fm/%D8%B4%D9%82%D9%82-%D9%84%D9%84%D8%A5%D9%8A%D8%AC%D8%A7%D8%B1/%D8%A7%D9%84%D8%B1%D9%8A%D8%A7%D8%B6/%D8%B4%D9%85%D8%A7%D9%84-%D8%A7%D9%84%D8%B1%D9%8A%D8%A7%D8%B6/%D8%AD%D9%8A-%D8%A7%D9%84%D9%86%D8%B1%D8%AC%D8%B3/%D8%B4%D8%A7%D8%B1%D8%B9-%D8%AC%D8%A8%D8%B1%D9%8A%D9%84-%D8%A8%D9%86-%D8%AC%D9%85%D9%8A%D9%84-%D8%AD%D9%8A-%D8%A7%D9%84%D9%86%D8%B1%D8%AC%D8%B3-%D9%85%D8%AF%D9%8A%D9%86%D8%A9-%D8%A7%D9%84%D8%B1%D9%8A%D8%A7%D8%B6-%D9%85%D9%86%D8%B7%D9%82%D8%A9-%D8%A7%D9%84%D8%B1%D9%8A%D8%A7%D8%B6-6192476,"65,000",92,2,3,عمر العقار; الدور; دورات المياه; الصالات; غرف النوم; الفئة; المساحة
https://sa.aqar.fm/%D8%B4%D9%82%D9%82-%D9%84%D9%84%D8%A5%D9%8A%D8%AC%D8%A7%D8%B1/%D8%A7%D9%84%D8%B1%D9%8A%D8%A7%D8%B6/%D8%B4%D9%85%D8%A7%D9%84-%D8%A7%D9%84%D8%B1%D9%8A%D8%A7%D8%B6/%D8%AD%D9%8A-%D8%A7%D9%84%D9%86%D8%B1%D8%AC%D8%B3/%D8%B4%D8%A7%D8%B1%D8%B9-%D8%B1%D9%82%D9%85-335-%D8%AD%D9%8A-%D8%A7%D9%84%D9%86%D8%B1%D8%AC%D8%B3-%D9%85%D8%AF%D9%8A%D9%86%D8%A9-%D8%A7%D9%84%D8%B1%D9%8A%D8%A7%D8%B6-%D9%85%D9%86%D8%B7%D9%82%D8%A9-%D8%A7%D9%84%D8%B1%D9%8A%D8%A7%D8%B6-6271414,"65,000",450,2,2,عمر العقار; الدور; دورات المياه; الصالات; غرف النوم; الفئة; المساحة; الغرض; نظام التكييف
https://sa.aqar.fm/%D8%B4%D9%82%D9%82-%D9%84%D9%84%D8%A5%D9%8A%D8%AC%D8%A7%D8%B1/%D8%A7%D9%84%D8%B1%D9%8A%D8%A7%D8%B6/%D8%B4%D9%85%D8%A7%D9%84-%D8%A7%D9%84%D8%B1%D9%8A%D8%A7%D8%B6/%D8%AD%D9%8A-%D8%A7%D9%84%D9%86%D8%B1%D8%AC%D8%B3/%D8%B4%D8%A7%D8%B1%D8%B9-%D8%AE%D9%84%D9%81-%D8%A7%D9%84%D8%A8%D8%B2%D8%A7%D8%B1-%D8%AD%D9%8A-%D8%A7%D9%84%D9%86%D8%B1%D8%AC%D8%B3-%D9%85%D8%AF%D9%8A%D9%86%D8%A9-%D8%A7%D9%84%D8%B1%D9%8A%D8%A7%D8%B6-%D9%85%D9%86%D8%B7%D9%82%D8%A9-%D8%A7%D9%84%D8%B1%D9%8A%D8%A7%D8%B6-6154757,"6,000",112,2,2,عمر العقار; دورات المياه; الصالات; غرف النوم; الفئة; المساحة
https://sa.aqar.fm/%D8%B4%D9%82%D9%82-%D9%84%D9%84%D8%A5%D9%8A%D8%AC%D8%A7%D8%B1/%D8%A7%D9%84%D8%B1%D9%8A%D8%A7%D8%B6/%D8%B4%D9%85%D8%A7%D9%84-%D8%A7%D9%84%D8%B1%D9%8A%D8%A7%D8%B6/%D8%AD%D9%8A-%D8%A7%D9%84%D9%86%D8%B1%D8%AC%D8%B3/%D8%B4%D8%A7%D8%B1%D8%B9-%D8%A7%D8%A8%D9%8A-%D8%B7%D8%A7%D9%87%D8%B1-%D8%A7%D8%B3%D9%85%D8%A7%D8%B9%D9%8A%D9%84-%D8%A7%D9%84%D8%AC%D9%8A%D8%B7%D8%A7%D9%84%D9%8A-%D8%AD%D9%8A-%D8%A7%D9%84%D9%86%D8%B1%D8%AC%D8%B3-%D9%85%D8%AF%D9%8A%D9%86%D8%A9-%D8%A7%D9%84%D8%B1%D9%8A%D8%A7%D8%B6-%D9%85%D9%86%D8%B7%D9%82%D8%A9-%D8%A7%D9%84%D8%B1%D9%8A%D8%A7%D8%B6-6166381,"75,000",137,2,2,عمر العقار; دورات المياه; الصالات; غرف النوم; الفئة; المساحة; الغرض
https://sa.aqar.fm/%D8%B4%D9%82%D9%82-%D9%84%D9%84%D8%A5%D9%8A%D8%AC%D8%A7%D8%B1/%D8%A7%D9%84%D8%B1%D9%8A%D8%A7%D8%B6/%D8%B4%D9%85%D8%A7%D9%84-%D8%A7%D9%84%D8%B1%D9%8A%D8%A7%D8%B6/%D8%AD%D9%8A-%D8%A7%D9%84%D9%86%D8%B1%D8%AC%D8%B3/%D8%B4%D8%A7%D8%B1%D8%B9-%D9%81%D8%B6%D9%8A%D9%84%D8%A9-%D8%A7%D9%84%D8%B3%D9%8A%D8%AF-%D9%85%D8%AD%D9%85%D8%AF-%D8%B4%D9%83%D8%B1%D9%8A-%D8%AD%D9%8A-%D8%A7%D9%84%D9%86%D8%B1%D8%AC%D8%B3-%D9%85%D8%AF%D9%8A%D9%86%D8%A9-%D8%A7%D9%84%D8%B1%D9%8A%D8%A7%D8%B6-%D9%85%D9%86%D8%B7%D9%82%D8%A9-%D8%A7%D9%84%D8%B1%D9%8A%D8%A7%D8%B6-6294055,"70,000",362,2,4,عمر العقار; دورات المياه; الصالات; غرف النوم; الفئة; المساحة; الغرض
